{
  "hash": "8211e12d",
  "configHash": "de2792c9",
  "lockfileHash": "c6d4f747",
  "browserHash": "9dede150",
  "optimized": {
    "@angular/core": {
      "src": "../../../../../../node_modules/@angular/core/fesm2022/core.mjs",
      "file": "@angular_core.js",
      "fileHash": "52757638",
      "needsInterop": false
    },
    "@angular/platform-browser": {
      "src": "../../../../../../node_modules/@angular/platform-browser/fesm2022/platform-browser.mjs",
      "file": "@angular_platform-browser.js",
      "fileHash": "c7f4ad65",
      "needsInterop": false
    },
    "@angular/router": {
      "src": "../../../../../../node_modules/@angular/router/fesm2022/router.mjs",
      "file": "@angular_router.js",
      "fileHash": "fddfcc94",
      "needsInterop": false
    },
    "@angular/common": {
      "src": "../../../../../../node_modules/@angular/common/fesm2022/common.mjs",
      "file": "@angular_common.js",
      "fileHash": "2a873818",
      "needsInterop": false
    }
  },
  "chunks": {
    "chunk-76GYUIVX": {
      "file": "chunk-76GYUIVX.js"
    },
    "chunk-43MIBKBZ": {
      "file": "chunk-43MIBKBZ.js"
    },
    "chunk-UX4SMXDU": {
      "file": "chunk-UX4SMXDU.js"
    }
  }
}