{
  "hash": "82c389e4",
  "configHash": "3be96422",
  "lockfileHash": "a8d67c1a",
  "browserHash": "254c469d",
  "optimized": {
    "@angular/core": {
      "src": "../../../../../../node_modules/@angular/core/fesm2022/core.mjs",
      "file": "@angular_core.js",
      "fileHash": "2ab03133",
      "needsInterop": false
    },
    "@angular/platform-browser": {
      "src": "../../../../../../node_modules/@angular/platform-browser/fesm2022/platform-browser.mjs",
      "file": "@angular_platform-browser.js",
      "fileHash": "aded81bd",
      "needsInterop": false
    },
    "@angular/router": {
      "src": "../../../../../../node_modules/@angular/router/fesm2022/router.mjs",
      "file": "@angular_router.js",
      "fileHash": "f28b1e5e",
      "needsInterop": false
    }
  },
  "chunks": {
    "chunk-UEHNUMPX": {
      "file": "chunk-UEHNUMPX.js"
    },
    "chunk-2WBDY7DO": {
      "file": "chunk-2WBDY7DO.js"
    }
  }
}